n,N,is_independent,A,B,estimated,answer,error
10000,1000000,dependent,2,1,0.04612067356800003,0.0651095740530614,0.2916452881351407
10000,1000000,dependent,2,4,0.04832859471604613,0.0651095740530614,0.25773443585024114
10000,1000000,dependent,2,16,0.053523277951034114,0.0651095740530614,0.17795072799255263
10000,1000000,dependent,2,64,0.04969049004565018,0.0651095740530614,0.2368174608982292
10000,1000000,dependent,2,256,0.05144685792890937,0.0651095740530614,0.20984189073357362
