n,N,is_independent,A,B,estimated,answer,error
10000,1000000,dependent,2,1,0.0005070074239999778,0.0010016305745224907,0.4938179435649871
10000,1000000,dependent,2,4,0.0009996936763001095,0.0010016305745224907,0.0019337451068769385
10000,1000000,dependent,2,16,0.0009036973900281703,0.0010016305745224907,0.09777375709702973
10000,1000000,dependent,2,64,0.0007706983909370271,0.0010016305745224907,0.23055624444726674
10000,1000000,dependent,2,256,0.0006402947606466626,0.0010016305745224907,0.3607475880497042
